Time,Li7,B11,Mg24,Ca43,Mn55,Ni60,Cu65,Zn66,Sr86,Ba137,Pb208,U238
0,0,1600,235300,47720,700,800,100,400,134400,1700,6502,700
173,0,1000,159500,47320,500,200,0,200,86110,1900,6402,1000
346,0,1000,152000,33560,500,500,100,0,63720,1400,4701,500
519,0,200,137600,23930,300,200,0,0,40690,1000,5602,500
692,0,300,92370,15710,200,200,0,100,31760,900,5502,100
865,0,0,67250,10710,300,100,200,0,18920,800,5001,300
1038,0,200,39890,6102,200,0,0,100,17920,800,4001,0
1211,0,300,17220,5201,200,0,0,0,8604,200,6002,0
1384,0,500,18320,4201,400,0,0,0,7803,100,5602,0
1557,0,400,7303,3301,300,0,0,200,6803,200,5702,0
1730,0,400,42500,2700,300,0,100,100,8604,600,5702,100
1903,0,200,6202,2700,0,100,0,0,26040,200,4901,0
2076,0,100,6602,4701,300,0,0,200,246300,300,3701,0
2249,0,200,4401,6302,200,0,0,0,15710,300,4601,0
2422,0,100,3801,1100,300,0,0,200,4901,100,4601,0
2595,100,500,6202,3401,400,0,200,0,5101,200,5902,0
2768,0,100,4601,8904,200,0,0,0,5702,0,4701,0
2941,0,300,3501,3501,300,0,200,100,6702,400,4901,0
3114,0,0,4001,5702,100,0,0,0,10910,300,6202,0
3287,0,300,5802,6302,0,0,0,0,9605,400,5802,100
3460,0,400,6702,5902,100,0,0,0,10910,200,5702,100
3633,0,0,6702,20520,400,200,500,0,11210,300,6702,200
3806,0,400,9105,4701,300,0,100,100,10110,300,3401,0
3979,0,200,40190,9405,300,0,300,0,8704,400,4401,100
4152,0,100,7303,5001,100,100,100,200,14610,400,4001,100
4325,0,300,5201,5402,400,0,0,300,10910,600,3501,100
4498,0,100,5101,21930,400,100,0,0,11310,900,3000,200
4671,0,100,12510,11910,100,100,100,0,23430,800,4401,400
4844,0,600,12110,12010,300,0,0,0,30750,500,6302,700
5017,0,100,14010,19320,100,0,0,100,37980,1000,6602,200
5190,0,900,23030,19620,100,0,0,0,57280,2900,5101,1100
5363,0,500,26640,25540,300,100,200,0,79140,2500,6102,400
5536,0,400,27940,27940,100,100,0,0,95900,3000,6002,1100
5709,0,1000,37980,51850,300,0,100,100,164200,4601,5302,1400
5882,0,400,50740,51450,400,300,0,100,125800,4301,8304,1600
6055,0,1400,52750,64230,300,400,100,100,151700,3701,7003,1900
6228,100,1100,61000,63020,400,0,0,100,166900,4301,7203,1400
6401,0,1700,57780,73290,200,0,0,0,188600,5502,8804,1400
6574,0,900,71680,86210,400,0,100,400,204400,5902,10710,3201
6747,0,1600,86310,113700,700,0,0,2000,305900,8404,11610,3101
6920,0,1800,119300,163700,300,0,400,0,391200,9205,14110,3201
7093,0,1500,133400,179800,400,100,0,1700,419000,10610,19220,4101
7266,0,2800,132700,192600,700,500,0,200,408800,10210,16510,3000
7439,100,1700,124500,167300,700,0,0,800,338500,14810,10210,4301
7612,0,1900,113700,142100,500,0,100,200,289600,7703,8004,2600
7785,0,1000,81970,164600,200,0,0,0,299000,7203,5502,2700
7958,0,1200,92970,144600,600,0,0,100,308000,6903,6602,2800
8131,0,800,95200,144000,500,0,200,100,447800,9004,9705,3301
8304,0,2000,117800,166100,100,100,100,300,404700,9105,7603,3000
8477,0,2400,109200,195900,600,0,0,0,479300,12410,10710,3201
8650,0,2900,204200,280900,400,0,0,400,605900,12310,11810,5302
8823,0,2200,191000,293200,600,0,200,0,671800,14110,10210,4201
8996,100,2300,199200,284600,700,0,200,0,654400,11910,8904,5402
9169,100,2300,197100,278000,400,0,100,0,752500,13910,10910,5702
9342,0,2300,205700,297300,1000,100,200,100,660800,16820,9405,4701
9515,200,2200,208100,294300,1200,0,200,100,677500,15310,10710,6202
9688,100,3701,203600,334100,500,200,100,400,662800,13810,7203,4501
9861,0,2900,203300,285000,400,100,0,0,647600,10810,11310,5302
10034,0,2700,196100,291300,700,0,100,200,604900,10910,8404,4901
10207,100,1100,184500,392400,400,100,200,300,616500,13210,10010,5702
10380,0,2400,214900,310600,700,0,400,100,692400,13810,10710,5201
10553,0,3401,213200,302400,400,200,100,200,652000,12710,10510,3701
10726,100,1800,320400,263800,300,0,0,100,579400,10510,8704,3701
10899,200,3401,191400,277200,600,100,200,0,556800,11710,9505,3901
11072,0,2500,177800,233000,500,100,0,1300,493400,8904,8304,3301
11245,0,2300,147200,213700,600,0,100,0,427200,8504,6903,3501
11418,0,2400,139800,199400,500,0,0,600,427400,10410,6803,5302
11591,0,2400,145700,192900,600,0,100,100,473100,8604,7403,4601
11764,100,1400,175100,198000,800,0,200,200,410000,9305,9004,4201
11937,0,1300,127600,181900,100,0,100,200,368000,8104,5702,3201
12110,100,1200,124900,168100,400,100,300,0,479800,8204,7203,2600
12283,0,1200,217500,186800,400,0,0,800,382600,8104,7103,2000
12456,100,2400,253100,190600,200,0,0,0,408700,9205,7103,2200
12629,0,2100,129200,191700,6402,0,100,700,404200,8804,7503,3501
12802,0,1600,139000,202900,500,100,100,800,414500,7703,8204,2500
12975,0,1700,149400,191400,200,0,100,200,526300,8004,7603,3101
13148,0,1000,126500,171900,200,100,700,100,359100,9004,7103,1900
13321,0,1700,119200,162100,600,0,0,0,347800,7003,6903,2100
13494,0,1300,119500,162200,300,100,100,100,355100,7503,7003,2800
13667,0,1300,120000,169100,500,0,0,100,368500,7803,7403,2300
13840,0,2000,130500,174100,300,0,100,100,378200,6702,7803,2200
14013,0,1400,113600,168200,500,0,0,4101,392500,6702,7003,1700
14186,0,900,102600,170600,400,0,100,0,319900,6002,4401,2700
14359,0,1500,103900,145500,300,0,0,0,320300,8104,5502,2300
14532,0,1900,106900,147200,500,100,0,0,332200,4901,5502,1700
14705,0,1900,106300,151500,0,0,0,200,334900,9004,6803,2700
14878,0,1600,130700,160200,400,0,100,0,346200,5602,6402,2000
15051,100,1400,127600,164800,500,0,0,300,363400,8504,7503,3601
15224,100,1500,127000,172800,700,0,0,0,361700,7103,7903,2600
15397,0,1600,124500,176200,1000,100,0,0,408000,9905,6602,2500
15570,100,2100,133300,174800,100,0,400,200,385000,7403,7803,3201
15743,0,2000,123100,177600,400,0,100,100,377100,8704,7103,3201
15916,0,2500,142300,175400,600,100,400,0,365900,8904,6202,2900
16089,100,1200,124400,166700,600,0,200,200,351700,6702,7803,2500
16262,0,1900,125600,165200,500,0,0,400,356500,6502,7703,2900
16435,0,2300,127800,180600,300,100,100,0,365600,7003,7303,3801
16608,0,2300,118500,172600,400,200,100,400,370500,7103,6803,2000
16781,0,2000,122800,166900,400,100,0,300,360900,7603,6803,3000
16954,500,1500,132800,176100,500,100,100,0,357700,7003,6002,2400
17127,0,1400,113600,172400,400,0,100,0,369500,8304,8504,2600
17300,0,1800,115800,160500,300,100,0,100,357900,8004,8004,4301
17473,0,1400,124500,180700,300,0,200,0,391000,7903,7003,2300
17646,0,1700,124900,158600,700,0,200,100,370100,7203,7403,3501
17819,0,1800,123000,185600,200,100,100,200,363800,7703,8304,2700
17992,100,1000,106800,151300,800,100,100,0,341000,6302,7903,2700
18165,0,2200,105800,143600,100,0,100,300,320900,6202,6502,2500
18338,0,2200,111900,140600,300,0,0,500,312400,7603,6903,3201
18511,0,800,100400,140200,200,0,0,100,271600,4501,4701,1000
18684,100,2100,82470,120800,700,0,100,200,262200,4701,5802,1500
18857,0,1200,85900,110800,0,0,100,100,242900,5001,5702,1200
19030,0,1500,83990,127400,300,0,100,300,253800,5602,5402,2200
19203,200,1200,85400,123800,200,0,0,200,268000,5101,6702,2100
19376,0,1000,90850,135700,200,0,0,200,264500,5402,6502,1700
19549,0,1600,85000,129300,500,0,100,100,256200,6102,7803,1900
19722,0,6903,83580,129700,200,0,100,0,261300,6402,6602,1800
19895,0,1300,92470,122300,200,0,200,100,272300,8204,8304,2400
20068,0,1000,91360,119500,300,0,300,300,269100,5001,7003,1700
20241,0,1600,80150,116300,400,0,0,1100,254900,6402,7203,1300
20414,0,1200,91360,139000,100,0,100,100,292500,5402,6502,2200
20587,0,2200,95800,134200,400,0,300,100,312600,6402,6502,1300
20760,100,1900,93780,132800,700,0,100,0,291700,6102,7103,1600
20933,100,1000,86410,125700,100,100,0,100,254700,5902,6702,1400
21106,0,1600,78540,108100,0,0,100,300,236300,3801,7503,2000
21279,0,1400,80050,113700,900,100,200,400,237800,5001,5802,1700
21452,0,1400,78340,114400,400,0,100,200,225300,5001,4601,2200
21625,100,800,69570,104000,400,100,0,300,267000,4201,6202,1000
21798,0,1300,82270,118600,600,0,0,100,231100,6102,7103,2200
21971,0,1300,71180,106600,400,0,0,0,227300,5602,5802,2600
22144,0,1600,67550,97820,800,0,0,100,194600,4501,5902,1100
22317,100,1200,60500,75310,200,0,0,200,160700,3501,4701,1300
22490,100,1700,50640,78940,400,0,200,0,149600,2500,5702,1300
22663,0,1600,48330,66140,300,0,100,0,147600,3501,3901,1300
22836,0,900,42300,63420,300,0,200,100,113300,2400,4601,600
23009,0,500,31960,48830,200,100,0,0,88020,2400,3401,200
23182,0,400,28750,43400,500,0,100,200,85100,2900,3901,600
23355,0,4001,29850,41590,800,0,0,100,77330,2500,2500,900
23528,0,600,24630,36770,300,100,0,0,75510,2300,2200,400
23701,0,500,23430,34970,500,0,0,100,78740,1600,3301,900
23874,0,600,24930,35670,200,0,100,200,72290,1600,6202,800
24047,0,600,33660,31350,500,0,0,100,61410,1100,4401,1100
24220,0,900,16510,23930,200,0,0,100,49330,800,4801,0
24393,0,1100,15610,16110,500,0,0,100,31450,1400,3301,100
24566,0,600,10610,14010,300,0,0,0,26540,800,5502,0
24739,0,700,9105,11210,300,0,100,100,21530,400,4101,400
24912,0,200,6202,8004,300,0,0,0,15610,500,4201,300
25085,0,400,3901,7303,500,0,100,100,15710,400,4401,100
25258,0,400,4601,5001,300,0,0,0,10710,300,3101,100
25431,0,600,5802,5802,300,100,100,200,10810,400,6102,500
25604,100,800,5402,7403,400,0,0,100,14010,500,3801,100
25777,0,500,7503,10010,200,0,0,100,24230,500,5201,0
25950,0,500,9705,14510,100,0,0,100,34470,1300,3801,200
26123,0,900,15510,21430,200,0,100,0,54560,1500,6102,400
26296,0,1000,19520,28040,400,0,0,0,67750,1300,5201,300
26469,0,1100,24530,34570,700,100,300,200,79850,2700,6803,1100
26642,0,800,35470,42200,300,0,0,100,93380,5302,9105,400
26815,0,1500,41090,51040,500,100,0,300,115000,7703,9905,700
26988,0,1800,36670,55570,600,0,100,200,133300,11310,11910,1500
27161,100,1200,32260,67650,500,0,0,300,166800,13610,13310,2400
27334,0,1400,37380,87620,1000,0,100,400,198200,14810,15610,3301
27507,0,2700,47020,106200,1000,0,300,3301,264600,15810,17520,2400
27680,0,2700,56880,129000,1300,100,0,400,290900,16210,17320,4201
27853,200,2600,50340,121300,600,100,100,200,278900,16820,16310,2900
28026,0,2100,53150,128800,700,0,100,0,318300,14210,17420,3701
28199,0,1600,62010,148400,1100,0,0,400,363600,14910,19120,4301
28372,0,1900,70270,164900,900,100,0,400,380300,15010,19020,4801
28545,0,2100,78740,157100,1000,0,0,100,373800,17020,31250,3000
28718,0,1900,72080,178600,300,0,200,400,403900,14710,61410,4401
28891,0,2200,65540,185200,300,100,100,0,368500,13110,67050,3601
29064,0,2400,62720,172400,1000,0,0,200,435100,17020,61510,4901
29237,0,1300,75810,192100,300,100,0,300,461200,16110,50740,5902
29410,0,2500,76120,209300,1000,0,100,400,466200,17220,39990,5201
29583,0,1900,75110,195600,500,0,0,100,466300,16920,32860,5001
29756,0,3000,80450,215700,1000,0,100,100,476700,14510,29750,5802
29929,0,2000,71780,202800,700,0,0,100,451500,12710,21220,5702
30102,0,2500,75810,188700,300,0,0,0,452600,11610,16920,5302
30275,0,2500,72790,185800,1000,0,0,200,423400,11810,15010,5101
30448,100,1900,71980,183500,700,0,100,0,437800,10110,16620,4801
30621,0,2100,79750,186000,400,0,0,300,387000,8204,14610,4401
30794,0,1800,75310,184100,500,200,0,0,429000,8204,10910,3901
30967,0,2100,68860,189600,500,0,300,0,420600,11510,12910,3501
31140,0,1600,74400,176800,500,0,100,100,392300,9805,10710,4401
31313,0,1200,65640,167900,700,0,0,0,361000,8104,7203,3301
31486,0,2300,63720,152900,600,100,100,300,331600,8604,10910,3601
31659,100,2600,63620,142000,600,0,200,500,347800,7703,8704,2600
31832,100,1300,60200,130300,300,0,0,0,283600,6202,7703,2900
32005,0,2100,58890,127800,700,100,0,100,291400,5902,10810,3301
32178,100,2100,62010,130300,400,0,0,0,291500,6903,10510,2600
32351,100,1500,57780,128600,300,0,200,300,307500,7803,14110,2800
32524,0,2200,70980,149600,100,0,0,200,356100,8404,13010,2900
32697,200,1600,71380,133200,600,0,100,700,308500,7703,15210,3101
32870,0,1600,65130,133100,500,100,200,100,290900,6502,14510,4201
33043,100,900,60200,129900,400,100,100,200,292600,8404,11010,2600
33216,0,1900,60000,122100,300,0,0,100,284000,8504,13410,3301
33389,0,2300,64430,121900,500,0,300,200,280500,8404,13010,3401
33562,0,2300,67950,125100,400,0,200,100,281400,8304,13310,2700
33735,0,1600,55670,115200,500,0,0,0,254000,8604,12010,3501
33908,100,1600,58990,109800,300,100,100,0,242200,8904,13510,2700
34081,0,1100,50440,108600,400,0,100,100,260500,9405,11110,2600
34254,100,1200,54870,103400,500,0,0,200,308200,9105,10110,2300
34427,0,1500,62920,120000,900,0,100,200,272800,9605,11810,3901
34600,0,1600,59390,112600,700,100,100,100,280300,9405,8704,2600
34773,0,900,55370,123200,500,0,100,0,316000,10210,9705,1900
34946,100,1400,67350,149400,300,0,0,100,510800,10010,10910,4001
35119,0,1600,80350,169400,800,0,200,100,449300,13110,11510,4801
35292,0,1100,91260,213600,300,0,300,100,498900,23630,14510,6302
35465,0,2100,108000,233200,500,0,0,0,550900,14910,12110,6102
35638,0,2400,111800,240000,700,0,200,0,571200,15810,13610,5602
35811,100,3401,120500,287600,400,0,200,200,605400,16210,14010,6402
35984,0,2200,130900,317100,1200,0,0,200,642200,15010,14510,6202
36157,100,1800,140400,289500,400,0,100,0,702200,17820,13910,8304
36330,0,2800,149400,313900,0,0,100,100,734800,19020,12710,8204
36503,0,1800,184800,361100,500,0,500,200,947300,28040,16210,10310
36676,0,3601,217900,412600,800,0,100,400,978400,22730,13610,9405
36849,0,3501,241500,420200,1000,0,100,100,953800,20820,13410,10710
37022,0,2600,218500,426900,1100,0,300,0,895100,23630,11010,8704
37195,100,2900,204500,373500,800,100,200,0,827200,19820,8804,8304
37368,100,2400,214200,352500,400,100,0,200,799800,22030,7403,6903
37541,300,3201,218400,392000,300,0,0,100,1106000,24230,8404,10710
37714,0,4501,297300,538800,700,0,100,300,1396000,32360,13610,12610
37887,100,4001,401500,689700,1300,0,0,200,1653000,36170,8804,14610
38060,200,5101,432600,723400,600,100,100,200,1682000,35270,11010,16620
38233,0,4801,441400,759200,700,0,100,300,1715000,40890,9905,14310
38406,0,5302,486700,807200,800,200,200,200,1797000,44810,10610,15910
38579,100,4401,508300,850900,1000,0,400,400,1909000,43400,8904,16410
38752,0,4901,523700,818800,900,0,100,300,1774000,40690,6602,15210
38925,100,5602,465300,773800,1000,100,100,100,1677000,38580,7303,13010
39098,200,5302,491600,792800,1500,100,200,400,1659000,35470,6402,13010
39271,100,5101,455000,723100,1300,100,300,100,1601000,37980,6702,14810
39444,100,5001,443000,711600,900,100,300,0,1522000,38180,4901,12910
39617,0,3501,392100,624600,400,0,300,200,1332000,28340,4701,10910
39790,0,4401,365000,590900,700,0,300,0,1393000,31250,3601,10410
39963,100,4401,390000,636100,600,0,0,400,1533000,32360,2900,13310
40136,200,4501,451500,705700,600,100,100,300,1564000,29750,3901,14110
40309,100,4301,417700,655000,600,100,100,100,1435000,26340,5702,9405
40482,0,3101,391900,638200,600,0,0,300,1480000,30050,4601,10910
40655,200,3901,438800,670000,700,200,300,500,1434000,31660,3101,12410
40828,0,5001,426300,681100,500,400,0,100,1688000,30850,3501,12010
41001,100,4701,440400,695000,300,200,0,500,1546000,32060,2300,13210
41174,0,3201,436300,716200,800,0,200,100,1694000,32660,3101,13210
41347,100,5001,474000,714700,300,0,300,0,1757000,30250,2400,12110
41520,100,4501,485100,742900,600,0,200,400,1880000,28240,1300,14110
41693,300,4701,466500,725000,400,200,100,100,1759000,29350,2200,11610
41866,200,4001,478000,765300,200,100,200,400,1736000,28140,2500,13610
42039,0,4901,503100,799100,400,0,200,400,1829000,29950,1700,13610
42212,100,4001,461700,864300,500,100,300,100,1718000,28140,2200,12010
42385,100,5302,474200,783100,600,0,200,100,1708000,32860,2400,11410
42558,0,3801,478000,795000,600,100,300,200,1840000,25940,1800,12010
42731,100,3801,484300,742800,700,0,0,100,1792000,27740,1400,14310
42904,0,4501,458400,786300,100,200,200,200,1673000,26840,1900,12510
43077,300,4801,495900,754400,600,0,100,400,1886000,26940,1600,11810
43250,100,4101,464500,770200,1100,0,100,6502,1710000,25130,1700,13510
43423,0,4501,459900,808900,400,0,100,100,1748000,25840,1800,13510
43596,100,4301,470500,790100,700,0,500,100,1691000,27240,1900,12310
43769,0,3701,444100,783400,400,0,100,0,1682000,22630,1800,11610
43942,0,4401,468400,755900,400,0,100,100,1737000,27640,1300,9505
44115,100,3901,470700,777500,700,100,100,200,1755000,25640,1700,9305
44288,300,4101,442100,768900,1200,0,200,100,1672000,26440,1500,11310
44461,500,3601,453400,776300,800,100,200,100,1755000,24730,2300,10710
44634,0,4801,445600,718200,500,0,300,0,1647000,27940,1200,12510
44807,100,4701,447200,961400,300,100,800,200,1618000,28950,1200,9705
44980,300,5402,462200,736900,500,200,100,400,1831000,26840,1900,13410
45153,100,3601,459000,768500,300,100,100,0,1808000,26340,2300,12710
45326,400,3201,451400,768500,700,0,0,200,1772000,28750,3101,9205
45499,0,5101,497200,752500,700,300,300,100,1917000,28140,3401,11510
45672,0,4001,438200,761800,700,0,800,100,1644000,24830,3101,12110
45845,100,4501,468800,963800,600,0,300,200,1676000,28040,3801,13010
46018,100,4901,453300,706400,500,100,0,200,1606000,27940,5702,13010
46191,100,4901,429000,714500,300,0,200,200,1602000,26240,3401,11310
46364,100,3501,429500,711500,500,100,300,100,1621000,29350,3801,13310
46537,200,4501,434300,715600,900,0,0,100,1647000,30050,4001,12710
46710,100,5302,499800,858800,400,0,400,200,2049000,34970,67350,15210
46883,200,4501,549300,910600,900,0,100,0,1890000,31150,5001,13110
47056,100,5502,509400,779800,200,200,100,100,1870000,28540,4301,14910
47229,200,5702,485800,729000,300,200,300,400,1758000,26240,5302,12810
47402,200,4701,461900,683900,500,200,300,300,1819000,25030,4501,11710
47575,100,4101,420500,749700,200,100,0,200,1551000,27840,5101,12110
47748,0,3201,378800,625700,900,100,0,400,1522000,25230,4901,10110
47921,100,3101,383800,556000,200,0,300,200,1348000,24130,5502,8804
48094,200,4101,358000,548500,300,0,200,200,1240000,26940,7003,11110
48267,100,2200,325200,538400,700,0,100,300,1145000,21320,6202,11910
48440,0,3601,291400,489500,200,0,0,100,1092000,19820,7103,7203
48613,0,3501,274900,445300,600,0,0,200,965200,17620,7003,7803
48786,0,3401,270800,430600,500,0,100,100,1113000,20820,5402,6102
48959,0,1900,240100,429600,600,0,200,0,922400,19420,7103,6302
49132,100,2600,210800,366100,600,100,0,100,827000,16310,7803,6202
49305,100,2800,207700,341800,300,0,100,300,795400,14910,5502,8104
49478,0,2600,190600,316100,600,0,0,0,729200,14810,4101,5602
49651,0,2100,172500,279700,800,100,100,100,605600,15410,4101,5101
49824,100,1300,160900,257600,200,0,200,300,595200,13810,2900,5001
49997,0,1600,128600,232700,400,100,100,300,632100,9805,4401,4401
50170,0,1200,127300,224000,200,100,0,0,531100,10310,3601,4401
50343,0,1400,120800,214700,200,0,200,600,452700,9605,2500,5001
50516,0,1600,114200,194800,0,0,100,100,444700,8404,5101,4201
50689,0,900,114800,211200,400,0,0,200,444700,8004,4501,4901
50862,0,1800,117100,202100,300,0,0,0,440900,9405,3501,3901
51035,0,1000,106900,191300,400,0,100,300,416200,9505,3701,3000
51208,0,1000,104600,175000,700,0,0,0,402200,6903,3201,3901
51381,0,1000,86610,132600,200,0,200,100,295600,4901,2900,2000
51554,0,500,60100,107300,100,0,100,0,202100,4201,2000,1700
51727,0,600,41800,63220,0,0,100,0,116600,3201,1300,1000
51900,0,400,23630,44410,600,200,100,0,77430,2000,700,800
52073,0,300,16010,44410,200,0,0,0,56780,900,1200,700
52246,0,100,11810,20020,400,0,0,200,48030,1500,1200,200
52419,100,200,12010,26440,400,0,100,100,34870,900,1200,600
52592,0,100,10710,15710,0,0,0,0,30050,700,1400,300
52765,0,0,7603,15010,0,0,0,0,29050,1300,1500,0
52938,0,200,9105,14110,200,100,0,200,25340,1300,1400,400
53111,100,100,7603,18520,100,0,0,0,43100,1300,1200,700
53284,0,100,8504,19920,200,0,0,0,39280,1400,2100,600
53457,0,0,11310,18920,200,0,0,0,64020,1300,1700,600
53630,0,100,11910,32760,500,0,0,400,62310,1600,2300,300
53803,0,500,10910,32860,200,0,0,0,63120,1600,2500,800
53976,0,300,14010,29550,300,0,0,0,75510,1600,1300,1000
54149,0,100,15010,28240,500,0,0,100,75010,1800,2500,1700
54322,0,100,13510,32760,400,100,0,0,70980,1900,2100,1100
54495,0,200,11910,31550,300,0,0,0,82170,2300,2200,1100
54668,0,400,15710,33660,300,0,0,0,66340,1900,2500,500
54841,0,200,14510,29550,300,0,0,0,83280,1500,2300,1000
55014,100,200,18520,31960,200,0,0,0,64730,2000,2700,600
55187,0,300,12410,28140,200,0,100,0,66140,2000,1600,1000
55360,0,300,14610,47120,500,0,0,100,72790,15610,1500,900
55533,0,400,18620,26440,200,200,0,0,64020,2000,1000,900
55706,100,400,11210,26340,400,0,0,0,59190,1200,1400,500
55879,0,200,11810,20420,500,0,0,0,55670,1900,1700,300
56052,0,100,9004,14610,500,0,0,100,42300,800,1400,400
56225,0,0,10410,19320,0,0,0,0,36670,1300,1200,100
56398,0,0,9305,17820,0,0,0,100,32060,1200,1900,700
56571,0,100,10010,12310,200,0,0,100,28950,1200,1500,200
56744,0,0,11210,13710,100,0,0,100,22530,2000,1100,200
56917,0,100,7703,13510,400,0,0,300,29250,700,900,600
57090,0,100,7103,10310,500,0,0,0,22630,500,1300,100
57263,0,0,7103,10410,100,0,0,0,22930,800,1300,100
57436,0,300,7803,7903,200,0,0,0,21120,600,1200,300
57609,0,0,7103,7203,100,0,0,100,18620,200,1500,200
57782,0,200,5702,7603,600,0,0,0,42300,1000,600,500
57955,0,300,4601,11610,400,0,0,200,20220,1000,1300,200
58128,0,500,5602,6903,0,0,0,0,24130,600,1400,100
58301,0,0,14810,8304,400,0,0,0,19820,1100,1200,200
58474,0,100,6502,9105,400,0,0,0,19020,1000,900,500
58647,0,100,8104,9205,500,100,0,100,19720,900,600,100
58820,0,0,8204,6903,100,0,0,0,14910,900,1800,100
58993,0,100,6602,11310,300,0,0,0,17420,800,1500,300
59166,0,100,5902,9305,100,100,0,0,21220,500,900,200
59339,0,100,5201,7503,100,0,0,100,40290,400,1400,100
59512,0,0,10610,7403,0,0,0,0,23430,400,1300,100
59685,0,0,5201,6702,200,100,0,0,14510,500,1400,300
59858,0,100,5302,7703,200,100,0,0,21120,600,1600,100
60031,0,0,7903,5702,200,0,0,0,19720,600,800,200
60204,0,100,6602,7203,100,0,200,100,26440,200,1200,300
60377,0,100,4401,9405,500,0,0,0,16720,700,800,300
60550,0,100,5201,5702,400,0,100,100,19620,400,1400,100
60723,0,0,4401,7503,100,0,0,100,14210,900,1400,200
60896,0,0,6002,14610,200,0,100,0,15110,1300,1200,0
61069,0,100,7203,10510,400,0,0,0,11210,800,1300,200
61242,0,100,8404,5502,700,0,0,300,23630,500,1300,100
61415,0,200,6402,5902,100,0,0,0,22930,700,2000,200
61588,100,200,5602,7903,300,0,0,0,24530,600,600,0
61761,0,0,5802,9805,100,0,100,0,14510,200,1300,100
61934,0,200,4201,8104,300,100,100,100,25030,500,1200,0
62107,0,300,5302,11110,300,0,0,100,12810,600,800,100
62280,0,0,4801,7103,200,100,0,0,19920,300,800,0
62453,0,200,5902,4301,500,100,0,0,38080,300,700,100
62626,0,100,4301,8104,500,0,0,0,14510,300,1200,300
62799,0,200,5101,5201,400,0,100,0,17520,1000,1000,200
62972,0,100,4201,11110,400,0,300,0,15710,200,700,0
63145,0,100,6402,12910,200,100,200,0,17320,100,900,400
63318,0,100,4001,4701,300,0,0,0,13010,400,1200,0
63491,0,100,4301,5802,100,100,0,0,29350,200,700,200
63664,0,200,4101,4701,300,0,0,100,13210,400,1300,100
63837,0,0,4901,3101,200,0,200,0,10810,100,600,100
64010,0,100,4101,4701,200,0,100,0,13210,400,1100,0
64183,0,0,6602,7203,500,0,100,0,13010,300,600,600
64356,0,100,3501,6602,200,0,0,0,17720,500,900,200
64529,0,0,4601,5201,100,0,100,100,11910,400,600,0
64702,0,100,5902,8204,200,0,0,0,11510,500,900,100
64875,0,200,4301,12510,400,0,0,0,9805,300,600,0
65048,0,0,4501,5802,0,0,100,100,19820,400,600,200
65221,0,200,5302,9205,0,100,0,0,26340,200,500,100
65394,0,0,4501,10510,0,100,0,0,10110,300,300,0
65567,0,100,4301,5101,200,100,0,0,17720,200,500,100
65740,0,100,5001,23130,200,0,0,100,15810,300,300,0
65913,0,200,5602,5702,200,0,0,100,13110,400,500,100
66086,0,0,11210,5302,100,0,0,0,11310,1100,1200,100
66259,0,100,706600,8804,0,0,0,0,11010,700,1300,0
66432,0,0,6302,4201,0,0,0,0,14210,500,700,200
66605,0,0,3201,7603,200,0,100,0,14310,400,400,200
66778,0,300,3601,4501,300,0,0,0,14310,200,800,200
66951,100,0,4101,4501,400,0,100,0,9805,500,1200,200
67124,0,0,3101,9004,100,0,100,0,9805,700,1100,100
67297,0,500,4801,9605,100,0,100,0,14610,200,1200,200
67470,0,100,3801,9805,200,0,0,0,11210,600,1000,100
67643,0,100,3801,6102,300,0,0,0,13010,400,900,200
67816,0,100,6002,5602,500,0,0,0,17520,400,1100,0
67989,0,0,7203,19320,100,0,0,0,13310,500,500,1000
68162,0,0,3601,6502,500,0,0,100,16110,1200,1200,300
68335,0,0,5802,6102,500,0,0,0,13410,200,1100,100
68508,0,100,6702,4901,300,0,0,0,18120,500,1800,100
68681,0,0,5702,6402,300,0,0,0,14210,700,900,200
68854,0,100,4701,5101,300,0,0,0,37080,600,800,200
69027,0,200,4701,3501,500,0,0,0,10310,500,1200,100
69200,0,0,5502,12710,400,0,0,100,24630,500,800,0
69373,0,200,5001,6002,400,0,0,0,13710,200,400,200
69546,100,100,5302,4901,500,0,0,0,10410,0,1300,100
69719,0,0,3101,7103,300,100,0,0,19220,200,500,0
69892,0,100,4501,9705,400,0,100,0,9205,200,600,0
70065,0,0,3101,5902,300,200,0,0,12110,200,1100,300
70238,0,100,2100,3901,600,0,0,0,10810,300,600,200
70411,0,0,3301,6803,400,0,0,0,9805,300,1100,0
70584,0,600,4101,2500,100,0,0,100,10110,500,600,0
70757,0,0,3601,5802,100,0,0,0,9605,500,700,0
70930,0,0,3701,2900,600,0,0,0,10010,100,700,0
71103,0,200,3701,4301,500,0,0,0,6803,100,700,100
71276,0,0,4201,5502,400,0,0,0,8304,0,700,0
71449,0,100,2900,2700,300,0,0,0,5602,400,700,100
71622,0,100,2900,3000,200,100,0,0,6102,0,700,100
71795,0,100,2100,5201,300,0,0,0,7603,300,400,100
71968,0,100,3301,3000,500,0,0,100,6502,100,600,100
72141,0,0,3601,5001,200,0,0,100,12710,500,600,100
72314,0,200,3701,3701,600,0,100,0,8704,300,500,100
72487,0,0,2700,3501,300,0,0,0,15310,400,1000,200
72660,0,0,2800,3401,500,0,0,100,10810,300,800,200
72833,0,0,4201,3000,100,100,0,0,15010,100,1100,100
73006,0,200,4001,6302,300,0,0,100,18020,700,800,0
73179,0,100,3801,3101,300,0,0,0,11310,300,600,400
73352,0,0,2800,2600,300,0,0,0,11310,700,500,200
73525,0,100,3401,4501,300,0,0,100,8604,300,1300,200
73698,0,100,1900,4401,300,0,0,100,10110,500,600,0
73871,0,200,3601,5302,500,0,0,0,12010,300,500,0
74044,0,0,3501,4901,100,0,0,100,9305,400,500,100
74217,0,0,2700,3901,400,0,0,0,12310,300,600,100
74390,0,0,2500,2900,0,0,0,0,11310,300,700,0
74563,0,100,3301,4901,100,0,0,0,8604,900,600,200
74736,0,0,4101,7303,100,100,0,0,12310,500,600,100
74909,0,300,5402,5201,400,0,0,0,18120,200,1000,100
75082,0,200,3201,3601,0,0,0,0,9705,400,900,300
75255,0,100,3801,5201,100,0,0,0,9805,300,700,100
75428,0,100,2900,3401,100,0,0,0,10210,600,700,300
75601,0,1500,5702,6002,400,0,0,0,20920,300,900,100
75774,0,100,2100,4201,700,0,0,0,8504,600,400,100
75947,0,100,4001,4501,0,0,0,0,9705,400,500,300
76120,0,100,3901,6402,200,200,0,0,11610,700,600,0
76293,0,0,3501,6102,200,0,0,0,9805,700,3401,0
76466,0,100,5001,7103,300,0,100,0,12110,700,1100,300
76639,0,0,4401,18520,700,0,200,0,15310,300,500,0
76812,0,0,4901,5902,100,0,200,0,15610,200,1700,100
76985,0,0,8704,7003,100,0,0,0,16920,800,600,100
77158,0,0,3101,4801,200,0,200,0,16210,500,900,200
77331,0,100,5802,5502,100,0,0,0,20220,500,1200,300
77504,0,0,6702,13010,300,0,0,0,17720,400,1300,500
77677,0,100,4201,6102,400,0,0,0,15410,600,900,400
77850,0,0,4801,7603,200,0,100,0,16410,700,1500,200
78023,0,0,4901,10410,400,0,0,0,21930,700,1600,200
78196,0,100,6202,7703,100,0,200,0,20920,800,1800,300
78369,0,0,5201,7003,200,0,100,0,22430,800,1500,200
78542,0,100,5201,12810,300,0,0,0,23230,1000,1600,200
78715,0,300,5602,11610,200,0,0,0,24030,1700,1100,100
78888,0,200,7703,10910,300,0,0,100,35470,900,1600,200
79061,0,100,11110,16720,300,0,0,100,42600,1200,1900,500
79234,0,0,12110,21830,500,0,0,0,51550,1200,1000,300
79407,0,300,18920,23530,500,0,0,0,53360,2600,900,600
79580,0,200,23130,27140,100,100,100,100,58890,2700,1400,700
79753,0,200,20420,26340,300,0,0,0,54870,2100,1600,200
79926,0,400,16820,21930,600,0,0,200,52850,1500,1700,500
80099,0,100,13710,18420,200,0,0,0,42200,1800,1800,600
80272,0,100,12710,16720,0,0,0,0,33760,600,900,300
80445,0,100,11410,13110,200,0,0,0,28340,1400,1300,400
80618,0,100,7403,11610,300,0,0,100,26140,300,400,200
80791,0,100,8104,10210,400,0,0,0,24330,400,400,100
80964,0,100,5902,11910,100,0,0,100,22230,1000,700,400
81137,0,100,7703,7403,100,0,0,0,19720,600,400,200
81310,0,0,5802,7703,100,0,200,0,23630,600,400,200
81483,0,0,5802,14710,0,100,100,0,35070,400,700,200
81656,0,100,5402,6702,200,0,0,0,21430,600,1000,100
81829,0,0,6002,9004,200,100,0,0,32860,300,800,0
82002,0,0,4701,6102,100,0,0,0,27840,600,400,0
82175,0,100,6402,7103,0,0,0,0,18120,600,2800,200
82348,0,0,6803,9105,100,0,100,0,27140,1400,400,700
82521,0,0,6102,10510,100,0,100,0,26840,1000,600,200
82694,0,200,8904,14010,100,0,0,0,33560,400,900,200
82867,0,300,5902,10810,0,0,0,0,25740,900,400,200
83040,0,100,7903,12310,200,0,0,0,32160,1000,300,400
83213,0,100,8504,13610,400,0,100,0,34770,1100,300,200
83386,0,0,8504,12710,100,0,100,100,33560,1000,400,400
83559,0,0,8904,13210,0,0,0,100,29750,1700,700,300
83732,0,100,8104,14110,100,0,0,0,35570,1700,300,0
83905,0,100,8704,19820,300,0,0,0,37880,2000,700,500
84078,0,200,10210,17020,300,0,0,100,35170,2000,1000,100
84251,0,0,7603,14910,100,0,600,0,34770,1000,700,500
84424,0,200,9705,14810,400,0,0,0,32660,1100,300,200
84597,0,400,7003,14810,100,0,0,100,32860,1300,500,400
84770,0,0,7803,13110,0,0,0,0,30250,1500,600,300
84943,0,0,8904,21830,300,0,0,0,39690,1200,600,600
85116,0,200,6803,11910,200,0,100,0,49740,1100,600,700
85289,0,200,8104,11410,200,0,0,0,39180,1100,200,100
85462,0,0,7403,11210,300,0,0,0,31150,1300,600,300
85635,0,0,8604,18920,300,0,0,0,25130,1000,700,200
85808,0,200,9004,14610,300,0,0,100,32860,900,1400,600
85981,0,100,8204,11410,100,0,0,0,27440,2200,600,100
86154,0,1100,6903,13010,400,0,100,0,27040,1000,700,500
86327,0,100,5902,11610,200,0,0,100,26140,2100,1200,600
86500,0,0,6002,12010,300,0,0,100,24930,1900,800,300
86673,0,100,13810,12510,300,0,0,0,26640,1200,1000,100
86846,0,1100,8504,9705,100,0,200,100,29350,900,1800,0
87019,0,100,8504,10110,200,0,0,0,28750,1400,600,300
87192,0,0,10210,15210,0,0,0,0,29850,1400,1600,200
87365,0,200,8404,15510,700,0,0,200,61510,900,2500,0
87538,0,0,14510,13410,400,0,100,0,29150,1800,1800,300
87711,0,0,7403,12010,0,0,0,100,40490,800,1700,300
87884,0,100,8304,10310,400,0,0,0,25440,2000,2300,0
88057,0,300,7203,10810,300,0,0,200,23530,1300,1600,100
88230,0,100,8004,14110,100,0,0,100,23330,1400,2200,400
88403,0,0,11210,10710,500,0,0,100,27040,700,1400,200
88576,0,200,9705,18420,200,0,0,400,32760,1200,1100,300
88749,0,0,9505,13110,200,0,0,0,29650,1300,1300,200
88922,100,200,9505,13810,400,100,0,100,34160,800,1100,700
89095,0,100,8104,84810,100,0,100,100,28650,1200,700,100
89268,0,0,13310,11910,300,0,0,0,31150,1600,1000,500
89441,0,400,12910,13610,100,0,0,0,31660,1400,600,200
89614,0,0,8304,12810,500,0,0,0,28650,1200,1500,300
89787,0,100,8304,11010,400,0,100,100,32260,1600,1200,300
89960,0,200,12010,14510,300,0,0,0,31450,1500,1000,300
90133,0,100,10810,11710,200,0,100,0,42700,1400,1300,100
90306,0,100,18420,13510,200,0,100,100,41900,1200,400,300
90479,0,0,9305,15910,500,0,0,0,33160,1500,800,0
90652,0,200,11210,15110,900,0,0,0,41590,1900,600,700
90825,0,400,9505,12610,200,0,100,0,35270,2400,900,400
90998,0,0,10710,15010,400,0,0,0,40390,1900,600,300
91171,0,100,8104,16510,300,0,300,0,33860,1400,900,600
91344,0,100,10410,14710,900,0,100,0,37480,2000,800,300
91517,0,400,10910,24330,100,0,100,0,30450,1300,1400,500
91690,0,300,13510,13810,100,0,0,0,30150,1900,1100,900
91863,100,100,10410,25340,400,0,0,100,32560,1700,1000,300
92036,0,100,9105,15210,400,0,0,0,34670,1500,1000,400
92209,0,100,9905,18720,200,0,0,0,33060,1400,1200,300
92382,0,100,9305,14210,100,0,0,0,29850,1900,900,100
92555,0,100,8704,16510,600,0,100,100,30750,800,700,300
92728,0,0,9605,15410,200,0,0,0,31860,1200,1100,100
92901,0,300,11510,13210,200,0,100,0,29350,1700,1400,200
93074,0,0,8004,15810,0,100,0,100,34970,400,700,400
93247,0,100,8804,15010,100,0,200,100,35470,1200,800,100
93420,0,0,12110,14910,300,0,0,0,36270,1300,700,0
93593,0,0,11410,16310,600,0,0,200,35570,1400,300,300
93766,0,300,10510,31150,100,0,0,100,35670,1500,700,0
93939,0,100,10810,15010,400,0,0,100,29550,1300,500,200
94112,0,100,9705,14110,200,0,0,100,37180,1500,1300,200
94285,0,0,9205,15010,300,100,0,0,32760,1300,600,400
94458,0,0,10910,15910,200,0,0,100,33760,1200,1500,400
94631,0,100,12310,14910,200,100,0,100,37680,1400,800,400
94804,0,200,9205,13910,300,0,0,0,33560,800,800,300
94977,0,200,10910,13910,100,0,100,0,31250,1200,1100,300
95150,100,0,9805,16210,400,0,0,0,34060,1100,700,600
95323,0,200,11010,15210,300,0,100,100,31550,1100,1000,400
95496,0,100,9605,15010,300,0,0,0,38480,1000,500,300
95669,0,100,10810,14610,100,0,0,0,36070,900,1100,100
95842,0,100,9004,17520,100,0,0,0,34060,700,500,300
96015,100,100,12410,17020,200,100,0,0,44110,1000,1100,300
96188,0,0,11410,15110,400,0,0,0,53050,1600,1200,200
96361,0,100,13110,15710,300,0,0,0,34060,400,500,600
96534,0,0,8604,14210,0,0,0,0,29250,1700,900,400
96707,0,100,8104,13610,0,0,0,100,31150,1200,700,400
96880,100,0,10110,10810,500,0,0,0,27040,1000,700,200
97053,0,400,8804,15310,400,0,0,0,23530,800,800,400
97226,0,100,6803,10110,200,0,0,0,22430,800,800,200
97399,0,100,7103,9605,0,0,100,0,20920,300,1100,100
97572,0,0,7203,7003,100,0,0,0,18520,600,1000,300
97745,0,0,6402,8204,200,0,0,0,24730,600,1200,0
97918,0,100,5702,7403,300,0,0,0,17820,700,400,200
98091,0,100,5201,6402,500,0,100,300,13010,500,700,200
98264,0,200,3201,5201,200,100,100,0,15310,700,900,100
98437,0,200,4101,6502,100,0,200,100,13410,300,600,0
98610,0,100,2400,3401,800,0,0,0,13010,600,1400,200
98783,0,300,3901,3801,200,0,0,100,12110,400,1300,0
98956,0,0,5101,5702,400,0,0,400,11710,400,1100,100
99129,0,0,2800,8604,300,0,0,100,13010,700,500,100
99302,0,100,3901,5902,600,0,0,0,11410,300,500,0
99475,0,0,4101,6402,200,0,0,0,12910,200,1100,100
99648,0,200,4801,12810,100,0,0,0,14210,500,1000,400
99821,0,100,3101,8604,200,0,0,0,15410,600,900,100
99994,0,0,5201,6803,300,0,0,0,17420,1000,800,0
100167,0,100,3801,7103,300,0,0,0,17220,900,800,0
100340,0,200,4801,8204,400,0,100,1100,20320,800,3301,200
100513,0,0,5602,11210,200,0,0,0,21430,900,500,400
100686,100,0,6302,10510,200,0,0,200,31760,800,1000,300
100859,0,0,6202,17520,300,0,0,0,26640,1600,1700,300
101032,0,0,5402,10710,200,0,0,0,41700,1000,600,200
101205,0,100,6202,10410,100,0,0,0,55570,900,800,200
101378,0,200,5802,11610,200,0,100,0,24130,1000,900,100
101551,0,100,4801,11010,400,0,0,0,31660,600,300,300
101724,0,400,5201,11610,400,0,100,0,27640,1400,800,100
101897,0,300,7403,9705,100,0,0,0,24730,1000,600,300
102070,100,100,5302,9605,200,0,0,0,22630,700,400,100
102243,0,300,7003,9305,400,0,100,100,25230,500,400,300
102416,0,0,5902,7603,200,100,0,0,31250,1100,800,100
102589,0,0,6402,15510,200,0,0,0,26040,600,800,100
102762,0,0,7703,13210,200,0,100,100,25640,600,600,100
102935,0,0,4101,9805,200,0,200,100,29550,700,1100,300
103108,0,100,8504,11810,0,0,0,400,29550,700,1000,200
103281,0,100,6702,9905,100,0,0,200,24530,600,500,400
103454,0,0,7603,9805,200,0,0,100,23730,300,600,100
103627,0,100,6002,8004,200,0,0,0,21020,800,1200,700
103800,0,0,6102,8904,100,0,0,100,24030,600,700,200
103973,0,200,6002,8304,500,100,100,100,24930,1000,1400,100
104146,0,0,5802,10310,300,0,0,0,40590,600,900,0
104319,0,100,7803,9004,0,0,0,100,23630,1600,1200,300
104492,0,100,8004,20620,200,0,0,0,24030,600,400,300
104665,0,0,6602,10810,100,0,0,0,25130,300,1200,0
104838,0,0,7803,11010,200,0,0,0,24630,900,500,600
105011,0,0,11810,13810,200,0,100,0,27040,800,300,200
105184,0,100,7403,12110,200,0,0,0,28750,900,1100,200
105357,0,0,8904,12010,300,0,0,0,25030,600,600,200
105530,0,0,12710,12910,200,100,0,0,31050,700,1400,300
105703,0,400,9205,12810,300,0,0,0,27940,1200,900,100
105876,0,0,9605,14110,400,0,0,0,58990,800,700,200
106049,0,100,9004,12610,600,0,0,0,32660,800,700,200
106222,0,200,10510,16110,200,100,0,0,35370,1000,1000,100
106395,0,100,10610,15510,300,0,0,0,30950,900,1200,100
106568,0,0,9705,14210,400,0,0,0,34360,800,1300,500
106741,100,0,9405,13510,500,0,0,0,29150,800,700,200
106914,0,200,8704,14710,0,0,0,0,30150,600,1500,300
107087,0,100,7303,11410,200,0,100,0,28440,800,1400,200
107260,0,0,11010,12010,400,0,0,100,25130,900,1800,100
107433,0,100,8804,8904,300,0,0,0,26540,900,1300,500
107606,0,100,8204,9105,100,0,0,0,23730,700,1200,400
107779,0,100,6803,10210,300,0,0,0,20120,700,300,0
107952,0,0,7803,7303,200,0,0,0,17220,1000,900,100
108125,0,100,6002,9205,300,100,100,100,19620,600,600,300
108298,0,200,6602,10710,200,0,0,100,21630,1800,500,100
108471,100,200,7703,8304,200,0,0,0,24230,700,800,300
108644,200,100,7403,10310,300,0,0,0,20120,600,400,100
108817,0,0,4901,6002,200,100,0,0,13810,400,400,100
108990,0,100,4101,5602,500,0,0,0,14610,100,200,300
109163,0,0,4401,16010,400,0,0,0,12010,200,200,0
109336,0,100,4001,10210,0,0,0,100,11010,300,100,0
109509,0,0,5001,6903,200,0,0,0,12210,500,100,400
109682,0,300,3701,4101,300,0,0,0,78640,500,500,200
109855,0,0,3201,4501,400,0,0,0,16920,100,200,0
110028,0,0,3101,6402,200,0,100,0,7603,200,1200,0
110201,0,200,3101,4101,200,0,0,0,7303,600,300,0
110374,0,100,3501,4101,200,0,0,100,8004,300,700,0
110547,0,0,3000,4301,400,0,0,200,10410,1000,1000,0
110720,0,0,3201,3000,100,0,0,0,7703,300,200,0
110893,0,0,3000,2300,200,0,0,0,6502,200,400,0
111066,0,100,2400,1300,100,0,0,0,7003,1600,1200,0
111239,0,0,4501,2400,200,0,0,0,6903,800,1100,0
111412,0,0,2600,2600,600,0,0,100,4901,200,800,0
111585,0,0,3601,2600,100,0,0,0,12910,200,900,400
111758,0,0,3000,1900,100,100,0,0,6502,200,900,100
111931,0,0,2500,2600,0,0,0,200,7803,800,900,100
112104,0,0,2900,7603,200,0,0,0,47930,100,1000,0
112277,0,0,2700,3701,100,0,0,0,8204,400,800,0
112450,0,100,3201,2900,0,0,0,0,7203,500,800,0
112623,0,0,3000,8304,200,0,0,0,8304,200,1400,0
112796,0,100,2900,4501,600,0,0,0,8304,100,300,200
112969,0,100,4001,3901,400,0,0,200,7503,400,1000,0
113142,0,0,3901,4401,100,0,100,100,12110,400,700,200
113315,100,400,4801,3401,200,0,0,0,8004,100,900,0
113488,0,0,4001,16720,200,0,100,100,9004,300,1600,100
113661,0,0,3201,24130,100,100,0,0,10810,600,1100,200
113834,0,0,7103,10010,500,100,0,0,6602,700,600,100
114007,0,0,2400,8204,100,0,0,0,7303,500,1200,200
114180,0,0,2400,2500,200,0,100,100,7003,0,200,100
114353,0,0,2800,4301,100,100,0,0,7803,300,1000,400
114526,0,100,2600,1700,400,0,0,0,5001,200,1200,0
114699,0,0,1800,2800,100,0,0,0,3701,100,700,0
114872,0,0,1300,800,100,0,0,0,4301,300,600,0
115045,0,0,1400,3301,300,0,100,0,7103,400,500,0
115218,0,100,2500,1000,500,0,0,0,4901,2700,900,0
115391,0,100,1900,900,100,0,0,100,2900,100,900,0
115564,0,0,2500,1800,300,0,0,0,3901,300,1000,0
115737,0,0,700,1000,600,0,0,0,202500,400,900,0
115910,0,0,1300,2600,200,100,100,0,2100,100,800,100
116083,0,0,1400,1400,300,100,100,0,2400,400,700,0
116256,0,0,900,800,0,0,0,100,4801,300,1200,100
116429,0,300,2000,1700,200,0,0,0,93950,600,500,100
116602,0,0,1900,1400,400,0,0,0,6803,500,800,100
116775,0,0,1500,2100,100,0,0,0,5902,300,200,200
116948,0,0,1400,2600,700,0,0,0,54660,100,400,0
117121,0,0,2100,2300,200,0,100,0,7303,100,1000,0
117294,0,0,2700,6702,100,0,0,0,7603,500,900,100
117467,0,0,3801,3601,100,0,0,0,10910,500,800,100
117640,0,100,4401,4501,200,0,0,0,11110,700,1000,200
117813,0,0,5302,4701,0,0,0,100,13010,400,800,0
117986,0,0,4101,4901,200,0,100,0,14110,700,500,200
118159,0,800,4601,7903,400,0,0,0,13810,100,300,100
118332,0,100,3701,7103,100,0,100,0,15010,200,800,0
118505,0,100,4201,7603,400,0,0,0,24330,200,900,400
118678,0,100,4501,7303,500,100,100,0,25940,800,400,200
118851,0,200,5201,6402,300,100,100,100,39590,500,600,200
119024,0,100,5602,11510,100,0,0,0,17320,500,500,200
119197,0,200,5201,7703,100,0,0,0,17020,1100,300,0
119370,0,100,6702,7103,400,0,0,0,16620,700,1400,0
119543,0,0,6702,7003,100,0,100,0,17320,500,300,300
119716,0,200,4901,6702,600,0,0,0,17920,1100,500,100
119889,0,0,5402,8204,500,0,0,0,16210,1100,300,200
120062,0,0,4301,9805,300,0,0,0,17820,700,600,100
120235,0,0,6102,5502,100,100,0,100,14310,800,500,100
120408,0,0,5602,8004,300,0,0,0,16210,400,400,200
120581,0,0,5302,8004,500,100,0,0,15110,600,200,100
120754,0,0,4401,8204,500,0,0,100,17020,300,400,1200
120927,0,0,4801,7703,200,0,0,0,14710,400,200,200
121100,0,100,5101,6602,200,0,0,0,15810,700,500,200
121273,0,100,7103,6602,100,0,0,100,17220,400,500,100
121446,0,0,4101,7203,300,0,0,100,16510,900,100,200
121619,0,0,4401,6302,300,0,100,0,12610,400,900,0
121792,0,0,4301,6502,300,0,100,100,13910,500,500,300
121965,0,0,2300,11510,600,0,0,0,13010,800,400,0
122138,0,100,4901,5302,100,100,100,0,14310,300,0,0
122311,0,0,5502,7903,0,0,0,0,20120,400,300,100
122484,0,0,5201,8904,400,0,0,0,15710,900,300,500
122657,0,0,4301,7203,500,0,100,0,15610,1200,200,200
122830,0,0,8204,6202,800,0,0,0,16510,700,300,100
123003,0,200,6102,7803,200,0,100,0,14310,500,300,100
123176,0,0,4401,6602,100,100,0,100,17920,700,500,100
123349,0,0,4501,7303,200,0,100,0,16720,700,300,0
123522,0,200,5802,6302,300,0,0,0,16410,1800,1000,100
123695,0,0,3601,7303,100,0,100,0,17720,300,200,200
123868,0,0,4701,7303,300,0,0,0,16110,900,200,100
124041,0,100,3801,6402,200,0,0,0,15910,900,200,100
124214,0,100,5001,6002,200,100,0,100,14910,900,500,0
124387,0,0,3801,6903,200,0,0,100,12510,700,400,400
124560,0,100,3901,15110,200,0,0,0,10510,1200,300,300
124733,0,100,4401,8604,200,0,0,0,12410,900,800,200
124906,0,0,4201,6102,100,0,0,100,14310,400,400,200
125079,0,100,3801,6002,500,0,0,100,16010,1400,700,100
125252,0,0,3601,7303,100,0,0,100,13910,400,300,100
125425,0,100,3701,6502,100,0,0,0,12510,500,400,300
125598,0,0,4101,5502,200,0,0,0,24830,700,200,100
125771,0,100,3801,5802,100,0,0,100,9305,100,300,100
125944,0,0,4301,3801,200,0,0,0,12210,500,900,100
126117,0,100,2200,4301,200,100,0,0,21320,700,400,0
126290,0,300,2600,3000,600,0,0,0,8304,400,600,0
126463,0,0,2900,3201,200,0,100,0,36370,400,600,0
126636,0,100,3501,3201,0,100,0,0,9305,300,200,0
126809,0,100,235300,2700,300,0,0,0,6402,700,1000,200
126982,0,0,2900,2400,200,0,0,0,6402,500,400,100
127155,0,1200,3000,2700,200,0,0,0,6502,100,700,100
127328,0,100,3301,3701,300,0,0,0,6502,400,600,0
127501,0,0,2500,2900,200,0,0,0,7803,200,500,0
127674,0,0,3000,4601,500,0,0,0,20520,200,200,0
127847,0,200,3201,3000,0,0,100,100,6702,200,200,0
128020,0,0,2800,2000,100,0,0,0,9805,500,100,100
128193,0,0,3201,4001,300,0,0,0,6803,400,100,100
128366,0,0,2900,2900,200,0,0,0,7103,400,300,0
128539,0,100,1100,7303,100,0,0,0,9405,300,200,100
128712,0,100,3901,2400,200,0,0,0,8504,500,200,0
128885,0,300,3201,3701,200,100,0,0,10810,300,500,0
129058,0,0,2600,4501,200,0,0,0,10710,700,600,0
129231,0,0,2000,4101,200,0,0,0,12210,500,600,100
129404,0,100,3301,4701,300,0,0,0,32660,700,200,100
129577,100,0,6903,5101,100,0,0,0,10110,400,300,100
129750,0,100,3501,4401,100,0,0,0,10510,400,200,100
129923,0,0,5001,5902,500,0,100,0,12110,500,200,0
130096,0,0,4401,5502,300,0,0,0,12210,500,200,200
130269,0,100,3401,5802,300,0,0,100,12510,600,0,0
130442,0,0,5402,6202,0,200,0,0,14110,700,400,200
130615,0,100,4201,7103,0,0,100,100,12110,300,500,100
130788,0,0,2700,7403,0,100,0,100,14610,500,200,0
130961,0,0,4201,4101,0,0,0,0,13910,200,200,100
131134,0,100,4801,5502,200,0,0,0,11610,100,600,200
131307,0,100,4301,5702,100,0,0,0,12010,500,100,0
131480,0,0,3201,5502,200,0,0,0,9605,500,100,100
131653,0,0,3301,5802,100,0,0,0,11010,0,0,100
131826,0,0,2400,7903,600,0,100,0,8704,500,500,100
131999,0,0,2700,4201,100,0,0,0,8004,200,700,0
132172,0,0,2000,2300,100,0,0,0,6102,200,700,0
132345,0,100,5302,2800,200,0,0,100,46620,400,400,0
132518,0,100,1300,1600,200,0,0,0,14710,400,0,0
132691,0,0,2300,3401,300,100,100,0,4201,800,700,0
132864,0,0,1700,1400,300,0,0,0,4501,0,400,100
133037,0,0,1800,1700,600,0,0,0,7203,200,500,0
133210,0,0,4001,2000,300,0,0,0,8404,200,1000,100
133383,0,100,3601,3101,100,100,0,0,8504,400,600,0
133556,0,100,3301,6702,100,0,0,100,10810,200,600,400
133729,0,0,4201,5001,200,0,0,0,13910,600,1200,0
133902,0,200,6102,5702,200,0,0,0,15910,600,400,200
134075,0,0,5302,6602,100,0,0,0,18720,1000,800,100
134248,0,0,6002,9305,300,0,100,0,15210,700,1000,0
134421,0,0,5302,7603,300,0,0,0,15010,400,1200,100
134594,0,0,5602,6002,300,0,0,100,13410,500,500,100
134767,0,0,5101,5101,200,0,0,0,12210,200,900,0
134940,0,100,4601,3701,200,0,0,200,8904,600,1500,0
135113,0,0,4201,3000,100,0,0,0,10510,300,500,200
135286,0,0,3201,6202,200,0,0,0,8304,500,700,200
135459,0,0,2500,2200,100,0,0,0,7103,400,1000,0
135632,0,0,2500,1200,700,0,0,0,5702,200,600,100
135805,0,0,2000,2600,500,0,100,0,4901,300,200,0
135978,0,0,1800,16920,400,0,0,0,4101,200,600,100
136151,0,100,1400,2800,100,0,0,0,3901,0,400,0
136324,0,0,1100,1100,600,200,0,0,5902,100,600,0
136497,0,0,1300,7203,0,0,100,0,2400,0,200,200
136670,0,0,2500,900,100,0,0,0,2800,200,700,100
136843,0,0,1400,3201,400,0,0,0,2300,300,0,0
137016,0,0,5602,1200,400,0,0,0,2600,100,100,0
137189,0,0,900,800,100,0,0,100,2000,100,200,100
137362,0,0,600,600,400,0,0,0,1900,100,200,100
137535,0,0,700,900,500,0,0,0,1800,200,0,0
137708,0,100,600,600,200,0,100,100,1600,200,0,0
137881,0,0,500,400,300,0,100,0,1000,500,200,0
138054,0,100,1100,700,200,0,0,0,800,0,0,0
138227,0,100,1100,400,200,0,0,0,1600,0,300,0
138400,0,0,500,500,0,0,0,0,1700,100,200,0
138573,0,100,400,400,300,0,0,0,1700,100,300,100
138746,0,0,300,500,100,0,100,0,2300,0,0,0
138919,0,0,700,700,200,0,100,0,900,100,0,0
139092,0,0,300,1100,400,0,0,0,800,0,300,0
139265,0,0,300,500,200,0,0,0,1700,200,0,400
139438,0,0,800,300,200,0,100,0,800,100,0,0
139611,0,0,300,400,200,0,0,0,2000,100,0,0
139784,0,100,700,700,200,100,0,0,800,200,200,0
139957,0,0,1000,300,300,0,100,0,1400,0,100,0
140130,0,200,300,200,500,0,0,0,1400,0,200,0
140303,0,0,1600,1100,300,0,0,0,2500,0,200,100
140476,0,100,200,600,100,0,0,0,1500,0,200,0
140649,0,0,300,500,0,0,0,0,1000,0,100,0
140822,0,0,400,800,200,0,0,0,2200,200,400,0
140995,0,100,400,600,300,0,0,0,2400,600,0,0
141168,0,0,400,900,300,0,0,0,1500,100,100,0
141341,0,0,400,800,100,0,0,0,1500,0,100,100
141514,0,100,400,600,500,0,0,0,3501,100,700,0
141687,0,200,800,200,0,0,0,0,2100,0,300,0
141860,0,100,900,500,400,0,0,0,1200,100,100,0
142033,0,0,600,400,100,0,0,100,3000,200,200,0
142206,100,0,700,700,400,0,0,100,800,400,0,0
142379,0,0,800,400,600,0,0,0,2700,100,200,0
142552,0,0,800,900,0,0,0,0,1300,0,100,0
142725,0,0,600,1500,200,0,0,0,1200,100,100,0
142898,0,0,700,500,300,0,0,0,2500,100,200,0
143071,0,0,800,500,200,0,0,0,1200,100,200,0
143244,0,0,800,600,200,0,0,0,2100,500,100,0
143417,0,100,1400,300,200,100,0,0,1600,400,200,0
143590,0,0,900,1300,0,0,0,0,2400,0,200,0
143763,0,0,900,600,100,0,0,0,2600,0,0,0
143936,0,0,700,600,200,0,0,0,1800,200,300,0
144109,0,0,800,800,200,0,100,0,1800,100,500,0
144282,0,0,1000,400,200,0,0,0,2500,200,400,0
144455,0,0,1100,800,300,0,0,0,2000,300,600,0
144628,0,0,900,800,200,0,0,0,2000,0,300,0
144801,0,0,900,700,0,0,0,0,1900,200,100,0
144974,100,0,1000,700,100,0,0,0,1700,100,300,0
145147,0,100,1200,900,200,0,0,0,2200,300,500,0
145320,0,100,1200,1000,200,0,0,0,4201,200,600,0
145493,0,100,1500,700,500,0,0,0,3401,100,800,0
145666,0,0,900,2200,100,0,0,0,2400,100,200,0
145839,0,100,700,1000,600,0,100,0,2400,200,1200,0
146012,100,0,1100,500,100,0,0,0,1800,200,500,200
146185,0,0,1600,1000,200,0,0,0,1900,100,500,0
146358,0,0,400,1000,100,0,0,0,2100,400,400,0
146531,0,0,900,700,300,0,0,0,2700,100,600,0
146704,0,0,400,1000,400,0,0,100,4201,200,900,0
146877,0,100,1400,1700,300,0,0,0,3101,300,500,0
147050,0,0,800,700,300,0,0,0,1100,200,600,0
147223,0,0,1600,3501,200,0,0,0,2800,100,600,300
147396,100,0,900,400,100,0,0,0,2900,100,300,100
147569,0,100,1500,1300,200,0,1200,0,4001,100,400,0
147742,0,0,1000,700,200,100,0,100,4901,0,500,0
147915,0,100,1200,900,100,0,0,100,2000,200,200,0
148088,0,0,1000,600,400,0,0,0,2000,0,500,0
148261,0,100,1500,1900,300,0,0,100,1400,0,500,0
148434,0,0,900,900,100,0,0,0,2700,0,700,0
148607,0,200,800,900,400,0,0,0,1800,300,500,0
148780,0,300,900,3401,500,0,0,0,2600,200,600,0
148953,0,0,800,600,300,0,200,0,5502,200,200,0
149126,0,100,600,1600,100,0,0,0,8804,200,600,0
149299,0,0,800,1400,300,0,0,0,3000,0,300,0
149472,0,0,700,2800,200,0,0,100,2000,200,500,0
149645,0,0,1400,900,200,0,0,0,6903,200,600,0
149818,0,200,1300,1100,300,0,100,0,4201,0,200,0
149991,0,0,1300,1100,700,0,0,100,1800,100,500,0
150164,0,0,1700,7303,300,0,100,100,4401,400,400,0
150337,0,200,1500,3501,300,0,0,0,4401,0,500,100
150510,0,200,1100,400,400,0,0,0,4401,12610,400,0
150683,0,200,1800,1600,0,0,0,0,1900,400,400,0
150856,0,0,900,500,500,0,0,0,13510,100,600,0
151029,0,0,1500,1900,100,0,0,100,3000,200,400,0
151202,0,0,1000,2200,300,0,0,0,3901,100,300,0
151375,0,0,1900,1700,100,0,100,0,2800,100,400,0
151548,0,100,900,1300,300,0,0,0,4101,100,400,0
151721,0,0,1400,1200,200,0,100,0,2800,100,500,0
151894,100,100,1600,1100,200,0,0,0,6302,100,400,100
152067,0,0,1200,400,200,0,0,100,6803,0,300,100
152240,0,100,5001,900,200,100,0,0,2400,400,700,100
152413,0,0,1200,1300,400,0,0,100,4501,200,400,0
152586,100,200,1100,900,100,0,0,0,2600,300,900,0
152759,0,100,1400,4801,300,0,0,0,2900,400,400,0
152932,0,100,1800,1800,300,0,0,0,2800,300,800,0
153105,0,0,1100,1500,300,100,0,0,3601,0,700,0
153278,0,0,1300,1800,200,0,0,0,4501,100,1100,0
153451,0,0,2700,1700,300,100,0,0,3801,100,500,0
153624,0,0,1500,3701,400,0,0,0,5101,100,1400,0
153797,0,0,1700,1100,400,0,100,100,5502,100,500,0
153970,0,0,800,3000,300,0,0,0,4001,100,700,0
154143,0,100,2000,7803,100,0,0,0,5802,100,800,0
154316,0,0,1600,1700,200,0,0,0,6302,400,800,0
154489,0,100,1800,2900,400,0,0,0,3501,300,800,0
154662,0,100,1300,800,300,0,0,0,9004,700,700,0
154835,0,100,1200,2700,200,0,0,0,3901,300,900,0
155008,0,100,800,1500,100,100,0,0,4101,400,1200,0
155181,0,0,3201,1500,200,0,0,0,4101,0,400,0
155354,0,0,1900,1200,200,0,0,0,3301,0,900,0
155527,0,100,1300,1800,400,0,100,100,3101,0,500,0
155700,0,0,5402,1400,200,0,0,0,3000,200,1000,0
155873,0,0,1200,1200,200,0,100,0,3101,100,600,0
156046,0,0,800,1200,300,0,0,0,4201,100,400,0
156219,0,0,1900,3301,400,0,0,100,3201,100,1000,300
156392,0,0,1500,1000,300,0,0,100,3501,100,500,100
156565,0,200,800,1500,100,0,0,0,7303,0,700,0
156738,100,100,800,900,200,0,0,400,3901,500,700,0
156911,0,0,1300,1500,0,0,0,0,8504,300,700,0
157084,0,100,9505,1500,100,0,0,0,4001,100,1000,0
157257,0,0,1200,1200,200,0,0,0,4001,100,800,100
157430,0,100,1500,1900,100,0,200,0,5101,300,800,100
157603,0,0,700,2800,200,0,0,0,5602,500,1300,200
157776,0,0,2500,4601,300,0,0,0,6302,300,800,100
157949,0,200,1800,3301,300,0,0,0,9105,700,600,0
158122,0,0,2900,3901,100,0,100,0,12010,300,1100,300
158295,0,100,2200,7903,400,0,0,0,12510,600,1500,100
158468,0,200,3301,6803,200,0,0,0,19020,700,2000,200
158641,0,0,4601,7903,100,0,0,0,23430,1200,1900,200
158814,0,0,4301,9004,700,0,0,100,31660,700,1800,300
158987,0,0,6302,9505,300,0,0,0,26940,1000,1500,200
159160,0,0,5702,11310,200,0,100,0,25230,700,2000,600
159333,0,300,6602,13210,200,0,0,200,28340,600,1600,400
159506,0,200,5602,12010,400,0,0,0,28440,1400,1700,0
159679,100,0,5201,11910,200,0,100,0,35270,1100,1200,700
159852,0,0,5902,52550,100,0,0,0,26540,1100,1700,400
160025,0,0,6002,24330,100,0,100,0,25230,900,1400,200
160198,0,0,5602,15510,0,0,0,0,23430,7403,1100,400
160371,0,0,4501,9004,200,200,100,0,23030,700,1100,400
160544,0,0,5201,9505,500,0,100,0,18520,900,1600,200
160717,0,0,4701,22630,200,0,0,0,16720,1100,1200,800
160890,0,0,4101,10310,200,100,0,0,14310,800,1300,300
161063,0,0,3101,6302,0,0,0,0,11610,600,1000,100
161236,0,0,4001,3801,200,0,0,0,10410,400,600,100
161409,0,100,2700,2800,400,0,0,0,8604,200,1300,0
161582,0,0,2300,2800,100,0,0,0,7603,400,500,200
161755,0,100,2500,6102,200,100,0,0,8604,1100,1300,100
161928,0,100,3501,39390,600,0,100,100,9004,0,1300,0
162101,0,400,539200,30550,300,0,0,0,6602,700,900,100
162274,0,100,3301,2000,600,0,0,0,6502,1900,1700,100
162447,0,100,2500,6102,100,0,0,200,10510,600,1100,0
162620,100,300,4401,8604,300,0,0,100,20320,900,900,200
162793,0,100,8404,15010,0,0,0,100,34060,1400,1200,400
162966,0,0,9305,21630,100,0,0,0,59590,1400,1200,600
163139,0,200,18620,37080,700,0,100,0,88330,2400,1300,600
163312,0,200,39690,52750,400,0,0,0,128700,2700,2300,2000
163485,0,100,37780,72490,200,0,0,0,153000,4501,1500,1900
163658,0,600,38880,73900,0,0,0,0,179700,3101,1300,1300
163831,0,600,43500,81670,300,100,0,200,156100,2900,1200,1800
164004,0,500,43600,69160,200,0,0,100,162000,3000,1000,1300
164177,0,500,46820,76720,300,0,0,0,166500,3301,1100,1500
164350,100,800,57580,92970,200,0,100,0,228900,6602,900,2100
164523,0,700,73700,117000,0,0,0,0,273800,5402,1500,2200
164696,0,800,84290,131700,0,100,0,0,314900,6502,1500,2800
164869,0,500,95500,159300,300,0,300,0,364800,7503,1400,3601
165042,0,1200,104200,182000,200,400,0,100,393500,10010,2200,2700
165215,100,1300,116600,189800,100,0,100,0,432400,8504,2500,3201
165388,0,1400,127100,217100,100,0,200,0,455800,8504,1400,4501
165561,0,1000,128500,194500,300,0,0,0,442900,8304,2300,3101
165734,0,500,118000,188300,300,0,0,0,443200,9205,1900,3601
165907,0,1200,124900,203300,200,0,0,0,506700,9805,1400,4101
166080,300,1500,158600,278300,100,200,0,400,627800,11910,3101,4401
166253,0,2400,177200,328300,200,0,0,100,752500,14510,2500,8104
166426,0,2000,225500,366400,300,0,0,0,974100,16720,3301,8004
166599,0,2400,261400,444900,500,0,200,200,1166000,20220,4201,7403
166772,200,3401,318200,579700,200,0,100,0,1256000,25030,3101,8604
166945,100,2800,319400,528100,100,0,200,200,1252000,19420,4101,10110
167118,200,3901,307800,562400,700,100,300,100,1191000,20520,2900,9705
167291,200,3801,301500,498100,300,0,300,0,1161000,24530,3401,8104
167464,100,2400,312400,504000,300,100,200,100,1264000,19720,3401,9505
167637,100,2500,307100,492900,200,100,100,0,1164000,23730,2900,9705
167810,0,4401,343400,579000,400,0,0,100,1481000,25030,3201,10410
167983,0,4401,368300,593400,600,100,0,100,1466000,24930,5101,14510
168156,100,3801,424800,685700,600,100,0,300,1495000,28140,3201,14510
168329,0,4001,425700,704300,800,0,300,200,1628000,26440,5702,14310
168502,100,4201,458600,765600,1200,100,100,400,1664000,31760,6502,14810
168675,100,4501,463600,759100,800,0,200,200,1806000,30250,7203,14310
168848,400,3701,464200,750400,400,200,0,300,1698000,29250,7903,13310
169021,100,4501,483800,751200,300,0,0,200,1669000,31760,8604,12310
169194,0,5101,481900,738400,300,0,0,500,1726000,29850,5502,13210
169367,200,4701,461200,731500,600,0,400,0,1775000,28650,4801,9105
169540,400,4601,522100,733400,500,0,100,700,1755000,28750,4101,12010
169713,100,3801,460700,705200,300,0,100,200,1800000,27740,4001,12110
169886,100,5201,433800,719100,900,200,100,300,1664000,26740,3401,12210
170059,200,4601,468000,761500,500,0,0,100,1594000,30350,3801,12510
170232,100,5302,434200,675900,200,100,0,400,1728000,31350,3000,10310
170405,200,4501,479800,724400,300,0,500,100,1543000,26340,3301,14010
170578,0,4101,478900,703900,200,0,300,200,1755000,23630,3201,12310
170751,200,3601,467000,690900,400,0,200,300,1748000,37180,2100,13610
170924,100,4701,503900,685800,200,0,200,400,1733000,24830,1900,11310
171097,200,5902,478300,718800,500,0,200,300,1709000,25740,2900,13610
171270,100,4401,478400,772500,700,100,100,0,1752000,27540,1900,13310
171443,400,3301,462400,657100,600,100,100,300,1645000,28340,2000,11310
171616,0,3601,444900,702800,400,100,100,200,1484000,22830,1400,10410
171789,200,4501,429700,656200,500,0,200,0,1418000,24530,1600,10610
171962,0,3401,392700,608100,400,0,0,200,1377000,22430,3000,11410
172135,100,3301,382200,603500,400,0,0,100,1404000,27240,1500,9505
172308,100,3901,442100,705600,1100,100,200,100,1699000,27040,1800,14210
172481,200,5602,517700,826200,200,0,100,200,1829000,28440,2600,15710
172654,100,5502,543300,781900,800,100,0,200,1830000,28750,2700,13010
172827,0,4001,496300,1003000,400,200,0,100,1728000,37880,2400,13110
173000,100,3901,509900,687600,400,200,200,500,1556000,28850,2100,14010
173173,0,3801,453700,649000,700,200,0,500,1481000,28950,2200,8204
173346,0,4101,417300,657300,300,100,0,100,1513000,29350,1800,10510
173519,300,4401,469900,678600,400,100,300,400,1728000,34570,2600,13010
173692,400,4801,509300,787900,100,100,200,200,1848000,37480,2100,13610
173865,300,4901,505200,790300,900,0,100,100,1916000,40390,2400,12010
174038,900,3801,514100,790500,900,0,100,400,1877000,36770,3701,16010
174211,0,5502,512000,769500,900,0,200,400,1735000,36270,4301,14010
174384,100,4401,514500,720200,600,0,300,200,1745000,41090,5001,14810
174557,100,5802,488500,757500,1300,0,100,300,1904000,37280,5502,15010
174730,0,3201,500300,773500,1100,0,400,100,1656000,34360,6803,12210
174903,200,3501,444000,808800,900,0,300,600,1537000,34160,7503,12810
175076,0,3901,421600,672400,600,100,100,300,1455000,32060,8004,11410
175249,100,4001,410000,696900,700,0,100,300,1473000,28650,7403,14110
175422,0,4301,418300,663900,1200,0,100,0,1588000,33860,9105,15710
175595,100,4501,419700,696900,400,0,200,500,1546000,31760,7603,14810
175768,0,5602,395300,770200,700,100,200,200,1393000,33760,10310,10510
175941,0,4101,344200,545200,600,100,100,100,1193000,27340,8104,10710
176114,100,3301,282100,472700,600,0,100,100,1042000,24430,5402,9705
176287,0,2200,249500,446600,800,0,100,200,1006000,21120,6002,9705
176460,0,2200,231600,379700,900,0,100,200,826200,15310,6602,9105
176633,0,2500,188000,378600,400,0,100,0,819100,17220,6803,7503
176806,100,3201,201600,370600,800,100,200,0,927600,20520,8704,9605
176979,0,3701,196800,389500,300,0,300,100,900400,20320,11710,11410
177152,0,2900,208000,392300,800,200,200,0,894500,25440,13710,8504
177325,100,3201,178000,398500,600,0,100,200,852900,20320,24530,8704
177498,300,2900,188300,384600,900,0,0,0,923900,25940,15510,9004
177671,100,3101,183900,371200,800,0,300,100,877900,26640,20120,9205
177844,200,3301,170700,364400,900,100,100,100,844300,41800,14510,8304
178017,100,2600,173300,334900,600,100,100,200,821800,21120,16920,9705
178190,0,2200,156900,325500,400,100,0,100,766700,24630,16410,8604
178363,0,1800,144900,315200,600,100,100,400,794000,25540,17920,8204
178536,0,2700,155000,317100,200,0,100,0,712400,22730,17120,9205
178709,100,2100,130400,275700,700,0,200,200,719600,23230,14710,7103
178882,0,2300,150100,226400,1200,100,0,38580,508600,21020,11910,4701
179055,0,1500,104100,206200,100,0,0,100,461700,12610,11310,4201
179228,100,1200,102000,201000,400,0,100,300,456400,14310,10810,3901
179401,0,2800,123100,243000,200,100,200,0,566400,19220,9905,5602
179574,100,2800,133200,252700,400,0,100,100,614000,16820,9205,5502
179747,0,2300,129400,250500,1000,0,300,100,575100,15710,9105,7003
179920,0,1500,135200,245500,500,0,0,0,597700,19620,8804,6903
180093,0,3301,158500,289700,400,300,300,0,679700,19520,8504,7003
180266,400,1900,186600,325100,900,0,200,0,717200,18420,8704,7303
180439,100,3301,181000,300100,300,0,100,100,731200,19020,7703,6803
180612,0,2800,205700,362400,600,0,100,200,820400,22530,9205,7403
180785,100,1900,238600,386400,500,0,200,100,880700,23930,10210,7603
180958,0,2100,229700,383000,600,0,0,100,880700,22030,9305,7903
181131,100,4201,230500,405200,500,0,200,0,887000,20320,9305,9305
181304,0,3101,236400,388400,500,0,0,0,861400,24330,9805,8404
181477,0,2300,241600,429000,900,0,200,100,881900,22730,9705,7603
181650,100,2700,262100,416100,400,200,100,0,951700,23330,8704,8204
181823,100,3601,269000,451100,400,0,0,200,1058000,22430,8904,10310
181996,200,3601,313500,491300,900,100,0,0,1153000,25340,8904,11010
182169,200,3501,315700,557700,900,0,100,100,1240000,33360,10510,9905
182342,100,4301,350600,609800,1500,100,0,200,1370000,28850,11410,11110
182515,0,5201,331300,590200,600,100,0,300,1349000,27440,10010,9905
182688,100,3901,348500,588800,1100,100,100,200,1309000,29550,9605,14110
182861,0,4601,365800,611700,700,100,300,0,1519000,34260,10310,13910
183034,100,3000,406800,661000,300,0,0,200,1533000,33260,8504,13210
183207,300,4201,382800,640500,600,0,300,100,1656000,32560,8804,13010
183380,0,5001,372100,618900,1000,300,400,100,1420000,30050,9805,12810
183553,100,4501,391700,629000,600,0,0,0,1407000,31860,9805,12210
183726,100,5001,383700,601500,700,0,100,100,1512000,33960,10510,12410
183899,200,4201,407100,672500,600,200,200,200,1504000,32060,8404,13310
184072,200,4201,382800,633200,900,0,100,0,1365000,28040,8804,11410
184245,0,3401,351400,612400,600,0,200,0,1319000,29450,6903,10710
184418,100,2800,334500,555800,700,0,200,200,1273000,25130,5502,11610
184591,0,4101,328900,545000,500,0,100,0,1165000,25640,6302,8904
184764,100,3401,307000,515800,700,0,200,500,1144000,25740,6903,11510
184937,100,4001,1336000,531800,700,0,100,200,1230000,28950,6502,12110
185110,0,3301,329400,585300,700,0,100,0,1350000,30750,8104,13110
185283,0,5001,355200,649900,700,0,100,100,1572000,39590,11110,17020
185456,0,5201,432900,760100,500,200,200,0,1746000,38180,11210,17120
185629,500,5001,453500,829100,700,0,200,400,1932000,45710,10710,17420
185802,0,5201,476900,864500,500,0,200,200,1928000,42200,11810,16620
185975,100,5902,465000,842500,800,0,0,100,1933000,40990,11910,18320
186148,200,5502,472900,847900,1100,100,200,0,1858000,43200,11910,17020
186321,0,5201,438100,812100,1100,0,100,100,1714000,38180,9705,18120
186494,100,5902,432300,799100,1100,100,400,200,1776000,35670,8804,16620
186667,100,4501,412900,762100,800,100,200,300,1737000,34570,11010,15310
186840,0,5402,372500,735700,700,0,400,300,1637000,38280,10210,16110
187013,0,6302,364200,700600,1000,0,100,100,1603000,37580,8704,17520
187186,200,4801,349400,682100,500,0,200,500,1570000,31550,10810,14410
187359,0,5302,326900,656600,700,0,100,300,1523000,31960,11810,15710
187532,200,4401,328100,666300,800,400,100,200,1480000,35170,10110,17020
187705,100,6202,324000,626800,1000,100,200,100,1462000,32660,10610,15510
187878,200,5101,310200,688700,500,100,400,100,1537000,31860,8104,14910
188051,0,4101,324800,773300,500,0,200,100,1546000,32160,8504,14810
188224,0,4001,331200,816500,300,0,400,200,1575000,30650,8404,13810
188397,400,5402,342700,667300,700,100,100,300,1645000,33360,8204,15310
188570,100,5302,376700,751900,900,100,300,200,1660000,32460,9105,16010
188743,0,4201,349500,776400,1200,200,200,100,1521000,31350,6402,15710
188916,0,4001,315200,623400,600,100,100,100,1452000,31050,8204,15210
189089,0,6002,318400,690000,1100,0,0,100,1520000,38380,7803,15210
189262,100,5201,352800,744600,1000,0,500,200,1710000,37480,7003,16310
189435,100,6803,343100,708100,1000,200,300,200,1789000,39790,9905,15110
189608,200,6402,385400,877400,2100,100,300,300,1826000,41900,10010,18220
189781,100,6602,375600,764900,400,100,100,200,1831000,43100,11810,16720
189954,100,6502,411100,797500,1300,0,300,100,1881000,45410,11610,18420
190127,100,7203,401900,833500,1800,0,500,500,1967000,39490,9905,17420
190300,0,6502,411500,875100,700,200,100,200,1864000,38880,9905,16410
190473,100,5702,394800,743500,800,200,200,600,1726000,36370,8504,12710
190646,0,5302,322800,604900,400,200,100,100,1278000,26340,6803,9305
190819,100,4201,291500,520200,600,100,300,0,1449000,30250,8204,14610
190992,100,5101,368000,773300,200,100,100,300,1642000,34570,10510,16920
191165,200,7103,348700,709600,800,0,0,200,1491000,32660,9405,14710
191338,0,5201,328300,613500,1000,100,100,200,1319000,29950,10010,13010
191511,0,4201,296800,631100,600,200,0,100,1222000,28040,8404,13010
191684,0,3201,270200,527500,1200,100,100,200,1204000,30850,8204,12010
191857,300,4401,304400,539800,500,0,200,500,1201000,23530,10910,12310
192030,100,4001,274200,526600,1000,0,100,300,1175000,26440,8904,11210
192203,0,3901,304500,522200,500,100,100,500,1013000,19620,7803,9705
192376,100,3000,228400,400400,300,0,200,200,886100,17620,8204,7103
192549,0,2900,205300,349100,300,100,0,0,769000,18620,7203,5802
192722,0,2100,1173000,325600,500,0,200,0,680700,15410,5101,7103
192895,0,3401,157900,289600,700,0,100,100,718700,15310,5302,5902
193068,100,2500,157900,266200,300,0,0,0,598600,13410,6302,6002
193241,0,2400,154600,290900,900,0,200,100,619100,14610,5502,5602
193414,0,2900,166100,303500,400,0,400,300,721200,19120,7203,6903
193587,0,2900,171100,330000,600,100,100,200,798600,21120,9505,7403
193760,0,2500,196000,365500,600,0,200,100,878900,20020,9405,8104
193933,100,3901,212700,394300,500,200,200,400,916000,21430,10210,9004
194106,0,3000,224500,404300,500,200,100,200,931500,21430,10010,7903
194279,300,2300,198100,352200,800,0,200,100,867300,19820,9705,6903
194452,0,2200,171900,329400,1100,0,100,100,658300,18620,8304,5502
194625,100,3201,152900,262600,600,0,0,200,605200,13510,7003,6602
194798,0,2000,129900,235800,500,0,300,400,528300,13010,6002,4301
194971,0,2400,132100,228200,1100,0,100,200,633900,12510,8704,5201
195144,200,2900,119000,228300,800,100,200,300,496100,11710,7603,4701
195317,0,1600,123300,219200,300,0,300,400,560100,14510,11010,4701
195490,100,1700,113300,216500,300,0,0,300,510800,12710,8504,6602
195663,0,2400,115100,227500,500,100,0,300,499300,13810,7703,4801
195836,100,1200,107300,204900,1400,0,200,200,489900,11910,7903,4101
196009,0,2700,113200,201800,300,0,0,200,430400,12010,6803,4701
196182,100,1700,99440,213800,200,0,0,100,405700,11410,8504,3801
196355,0,1800,99340,175800,1000,100,0,1200,412700,9004,9004,4201
196528,0,1500,121200,174600,700,100,0,100,405100,9205,8704,2800
196701,200,2300,106500,186700,600,0,200,100,392200,11610,8504,4001
196874,0,2200,92370,168900,500,0,100,100,372100,9605,9905,3401
197047,100,1500,84890,160200,1000,0,0,200,349000,9105,8304,3601
197220,100,2000,83890,143800,400,100,0,200,328400,9105,6302,4401
197393,0,1400,75010,147900,500,0,200,200,297800,7703,7803,3701
197566,0,1000,75210,122600,1600,0,0,100,270900,7703,7403,2200
197739,100,1700,71380,125400,1000,0,100,400,281400,8404,8704,2600
197912,0,1300,67350,127200,300,0,200,600,274500,7303,6903,2200
198085,100,2000,80350,119600,100,0,0,100,263300,10910,8404,3000
198258,100,1900,67050,101100,400,0,200,100,251900,8004,8704,1700
198431,100,1100,63120,103100,800,0,100,100,224000,6102,8304,1700
198604,0,1300,63720,107500,300,0,0,0,230800,6903,8504,1300
198777,0,1100,57680,100000,500,0,100,200,221200,6102,9705,2200
198950,0,1500,62610,97420,400,0,0,200,228900,6302,7503,1300
199123,0,1100,62720,102200,400,0,100,200,214500,6102,8604,2500
199296,0,1500,59290,99240,4801,0,100,200,206100,6302,8704,1400
199469,100,1600,63420,109200,0,0,0,200,203100,6102,6702,1700
199642,100,1100,53560,95400,500,0,200,100,214200,4901,8504,1900
199815,0,1200,51750,86410,100,0,0,0,188000,5702,8604,1500
199988,0,900,61610,94790,600,100,300,200,203200,4601,7803,2000
200161,100,1500,62310,94190,500,0,100,100,210100,5502,9705,1400
200334,0,1400,63320,98230,200,0,100,200,224100,6602,7603,1700
200507,0,1200,59590,100500,600,0,0,0,217800,6803,9505,1900
200680,0,2100,63620,105500,300,0,0,300,222900,5902,6002,2600
200853,0,1100,66540,101200,200,0,100,100,230000,5602,8204,1300
201026,0,1500,59290,107600,500,0,0,0,226900,6002,9405,1900
201199,0,1500,61910,103800,400,0,0,200,235400,5602,9004,1700
201372,0,1000,71180,109700,400,100,0,500,265600,6302,8104,2100
201545,0,800,70170,111500,100,0,0,100,236400,5802,8904,1700
201718,0,1200,72290,123300,400,0,200,300,244100,7303,9705,1900
201891,0,2000,73190,110600,600,100,100,100,267300,6803,9105,2700
202064,100,1600,71780,113200,400,0,0,100,253300,7603,10010,2900
202237,0,1500,73290,117600,400,0,0,300,298200,6402,11010,2400
202410,100,1700,76420,126100,400,0,100,0,287100,9605,9205,2600
202583,200,1500,81870,136500,500,100,0,100,296200,6803,8604,2200
202756,100,2200,113900,144900,400,0,200,100,316400,11010,10410,2500
202929,0,2800,92770,140200,400,0,0,0,311800,7903,10010,3101
203102,0,1500,90950,143500,400,0,0,300,641200,7503,11110,3601
203275,100,1800,87220,141200,300,0,0,300,309100,5902,9605,2700
203448,0,1000,79450,133900,200,0,100,0,307500,7403,8104,2300
203621,0,1700,82570,137000,800,0,100,100,323700,7403,7903,2700
203794,100,1600,91560,144300,1900,100,100,100,333600,8204,11010,3201
203967,0,1800,92060,144600,300,0,0,100,362500,9205,8704,3301
204140,0,1900,93480,157000,600,0,0,100,347600,7703,10410,3701
204313,0,1600,106200,166700,500,0,300,100,353200,11510,9105,2500
204486,0,2300,98030,173600,200,0,200,100,388600,8404,10410,3501
204659,0,1300,114100,173500,400,0,0,0,387700,10310,10310,3601
204832,100,1700,112700,185100,200,0,200,0,435600,11210,10910,3701
205005,100,2800,119800,186900,700,0,100,100,434400,12410,10010,3701
205178,100,3401,117100,210400,800,0,100,300,451800,10810,11510,3301
205351,0,2200,133100,208300,500,0,0,0,470200,11310,9705,4601
205524,100,2000,129200,194600,700,100,200,100,447100,10710,13110,3101
205697,100,2200,123200,206200,500,0,0,100,445100,10510,10410,3501
205870,100,1100,142800,217600,400,0,0,100,472200,11510,9605,3701
206043,0,2000,135800,216300,200,0,300,2600,442500,12310,9505,5302
206216,0,2300,124600,199200,1700,0,200,100,394200,9805,10510,2800
206389,0,1900,108900,169400,500,0,0,0,359900,10010,10110,2200
206562,100,1300,96910,147800,500,0,0,100,303200,7203,8804,2800
206735,0,1700,83680,119300,400,100,100,100,244200,6202,9905,2000
206908,0,1600,62720,109400,500,0,100,0,247700,7103,8704,1400
207081,0,600,65640,102000,300,100,0,0,216300,4801,9605,1700
207254,0,1800,63720,99950,200,0,0,100,239200,7503,14010,1100
207427,0,1100,53660,113300,600,100,0,200,219700,6202,9004,1500
207600,0,1700,46920,85200,600,0,100,200,199600,5902,9905,1200
207773,0,1200,46520,81260,900,200,200,0,173000,4201,10710,2000
207946,0,1800,46420,74500,500,100,0,0,174500,6502,10210,1400
208119,0,1200,36770,88430,300,0,100,100,194200,3701,11510,1200
208292,0,1200,31660,63420,600,0,100,0,143300,5101,9405,1000
208465,0,700,30450,63320,400,100,0,0,133900,5402,11910,1700
208638,0,1400,29950,55270,500,0,0,0,133100,4901,9905,1000
208811,0,1200,23030,46820,300,0,0,200,121500,3101,8404,1200
208984,0,1300,24030,48830,400,0,100,0,117800,4501,9605,1600
